{
  "prasad" : {
    "id": "prasad",
    "name": "Prasad Borkar",
    "last_active":1360031010
  },
  "amit" : {
    "id": "amit",
    "name": "Amit",
    "last_active": 1360031222
  },
  "akash" : {
    "id": "akash",
    "name": "Akash",
    "last_active": 1360031425
  },
  "nishant" : {
    "id": "nishant",
    "name": "Nishant",
    "last_active": 1360031625
  },
  "komal" : {
    "id": "komal",
    "name": "Komal",
    "last_active": 1360031325
  },
  "hermione" : {
    "id": "hermione",
    "name": "Hermione Granger",
    "last_active": 1360031225
  },
  "harry" : {
    "id": "harry",
    "name": "Harry Potter",
    "last_active": 1360031225
  },
  "ron" : {
    "id": "ron",
    "name": "Ron Weasly",
    "last_active": 1360031202
  }
}