{
  "chris_rivers": {
    "20151201": [
      "267eedb8-0f5d-42d5-8f43-72426b9fb3e6"
    ]
  },
  "garret_heaton": {
    "20151201": [
      "267eedb8-0f5d-42d5-8f43-72426b9fb3e6"
    ],
    "20151202": [
      "276c79ec-a26a-40a6-b3d3-fb242a5947b6"
    ]
  },
  "dwight_schrute": {
    "20151201": [
      "7daf7208-be4d-4944-a3ae-c1c2f516f3e6",
      "267eedb8-0f5d-42d5-8f43-72426b9fb3e6"
    ],
    "20151205": [
      "a8034f44-aee4-44cf-b32c-74cf452aaaae",
      "276c79ec-a26a-40a6-b3d3-fb242a5947b6"
    ]
  }
}