{
  "chris_rivers" : {
    "id": "chris_rivers",
    "name": "Chris Rivers",
    "last_active":1360031010
  },
  "peter_curley" : {
    "id": "peter_curley",
    "name": "Peter Curley",
    "last_active": 1360031222
  },
  "garret_heaton" : {
    "id": "garret_heaton",
    "name": "Garret Heaton",
    "last_active": 1360031425
  },
  "michael_scott" : {
    "id": "michael_scott",
    "name": "Michael Scott",
    "last_active": 1360031625
  },
  "jim_halpert" : {
    "id": "jim_halpert",
    "name": "Jim Halpert",
    "last_active": 1360031325
  },
  "pam_beesly" : {
    "id": "pam_beesly",
    "name": "Pam Beesly",
    "last_active": 1360031225
  },
  "dwight_schrute" : {
    "id": "dwight_schrute",
    "name": "Dwight Schrute",
    "last_active": 1360031202
  }
}